{
  "ActivityBindings": {
    "UiPath.Activities.System.Agentic.RunAgent": [
      {
        "Type": "agent",
        "PublishNullValues": false,
        "Key": {
          "Value": "BindingsKey",
          "ValueSource": "Property"
        },
        "Values": {
          "name": {
            "Value": "ProcessName",
            "ValueSource": "Property"
          },
          "folderPath": {
            "Value": "FolderPath",
            "ValueSource": "Property"
          }
        },
        "Arguments": {
          "ActivityName": {
            "Value": "DisplayName",
            "ValueSource": "Property"
          },
          "BindingsVersion": {
            "Value": "2.1",
            "ValueSource": "Constant"
          },
          "DisplayLabel": {
            "Value": "FullName",
            "ValueSource": "Constant"
          }
        },
        "SubBindings": [],
        "DefaultValueSource": "Property"
      }
    ],
    "UiPath.Core.Activities.AddAndProcessQueueItem": [
      {
        "Type": "queue",
        "Values": {
          "name": {
            "Value": "QueueType",
            "ValueSource": "Property"
          },
          "folderPath": {
            "Value": "FolderPath",
            "ValueSource": "Property"
          }
        },
        "DefaultValueSource": "Default"
      }
    ],
    "UiPath.Core.Activities.AddQueueItem": [
      {
        "Type": "queue",
        "PublishNullValues": false,
        "Key": {
          "Value": "BindingsKey",
          "ValueSource": "Property"
        },
        "Values": {
          "folderPath": {
            "Value": "FolderPath",
            "ValueSource": "Property"
          },
          "name": {
            "Value": "QueueType",
            "ValueSource": "Property"
          }
        },
        "Arguments": {
          "ActivityName": {
            "Value": "DisplayName",
            "ValueSource": "Property"
          },
          "BindingsVersion": {
            "Value": "2.1",
            "ValueSource": "Constant"
          },
          "DisplayLabel": {
            "Value": "FullName",
            "ValueSource": "Constant"
          },
          "SolutionsSupport": {
            "Value": "true",
            "ValueSource": "Constant"
          }
        },
        "SubBindings": [],
        "DefaultValueSource": "Property"
      }
    ],
    "UiPath.Core.Activities.AddTransactionItem": [
      {
        "Type": "queue",
        "PublishNullValues": false,
        "Key": {
          "Value": "BindingsKey",
          "ValueSource": "Property"
        },
        "Values": {
          "folderPath": {
            "Value": "FolderPath",
            "ValueSource": "Property"
          },
          "name": {
            "Value": "QueueType",
            "ValueSource": "Property"
          }
        },
        "Arguments": {
          "ActivityName": {
            "Value": "DisplayName",
            "ValueSource": "Property"
          },
          "BindingsVersion": {
            "Value": "2.1",
            "ValueSource": "Constant"
          },
          "DisplayLabel": {
            "Value": "FullName",
            "ValueSource": "Constant"
          },
          "SolutionsSupport": {
            "Value": "true",
            "ValueSource": "Constant"
          }
        },
        "SubBindings": [],
        "DefaultValueSource": "Property"
      }
    ],
    "UiPath.Core.Activities.BeginProcess": [
      {
        "Type": "process",
        "Values": {
          "name": {
            "Value": "ProcessName",
            "ValueSource": "Property"
          },
          "folderPath": {
            "Value": "FolderPath",
            "ValueSource": "Property"
          }
        },
        "DefaultValueSource": "Default"
      }
    ],
    "UiPath.Core.Activities.BulkAddQueueItems": [
      {
        "Type": "queue",
        "PublishNullValues": false,
        "Key": {
          "Value": "BindingsKey",
          "ValueSource": "Property"
        },
        "Values": {
          "folderPath": {
            "Value": "FolderPath",
            "ValueSource": "Property"
          },
          "name": {
            "Value": "QueueName",
            "ValueSource": "Property"
          }
        },
        "Arguments": {
          "ActivityName": {
            "Value": "DisplayName",
            "ValueSource": "Property"
          },
          "BindingsVersion": {
            "Value": "2.1",
            "ValueSource": "Constant"
          },
          "DisplayLabel": {
            "Value": "FullName",
            "ValueSource": "Constant"
          },
          "SolutionsSupport": {
            "Value": "true",
            "ValueSource": "Constant"
          }
        },
        "SubBindings": [],
        "DefaultValueSource": "Property"
      }
    ],
    "UiPath.Core.Activities.DeleteQueueItems": [
      {
        "Type": "queue",
        "Values": {
          "folderPath": {
            "Value": "FolderPath",
            "ValueSource": "Property"
          }
        },
        "DefaultValueSource": "Default"
      }
    ],
    "UiPath.Core.Activities.EvaluateBusinessRule": [
      {
        "Type": "businessRule",
        "PublishNullValues": false,
        "Key": {
          "Value": "BindingsKey",
          "ValueSource": "Property"
        },
        "Values": {
          "folderPath": {
            "Value": "FolderPath",
            "ValueSource": "Property"
          },
          "name": {
            "Value": "BusinessRule",
            "ValueSource": "Property"
          }
        },
        "Arguments": {
          "ActivityName": {
            "Value": "DisplayName",
            "ValueSource": "Property"
          },
          "BindingsVersion": {
            "Value": "2.1",
            "ValueSource": "Constant"
          },
          "DisplayLabel": {
            "Value": "FullName",
            "ValueSource": "Constant"
          }
        },
        "SubBindings": [],
        "DefaultValueSource": "Property"
      }
    ],
    "UiPath.Core.Activities.GetJobs": [
      {
        "Type": "process",
        "Values": {
          "folderPath": {
            "Value": "FolderPath",
            "ValueSource": "Property"
          }
        },
        "DefaultValueSource": "Default"
      }
    ],
    "UiPath.Core.Activities.GetQueueItem": [
      {
        "Type": "queue",
        "PublishNullValues": false,
        "Key": {
          "Value": "BindingsKey",
          "ValueSource": "Property"
        },
        "Values": {
          "folderPath": {
            "Value": "FolderPath",
            "ValueSource": "Property"
          },
          "name": {
            "Value": "QueueType",
            "ValueSource": "Property"
          }
        },
        "Arguments": {
          "ActivityName": {
            "Value": "DisplayName",
            "ValueSource": "Property"
          },
          "BindingsVersion": {
            "Value": "2.1",
            "ValueSource": "Constant"
          },
          "DisplayLabel": {
            "Value": "FullName",
            "ValueSource": "Constant"
          },
          "SolutionsSupport": {
            "Value": "true",
            "ValueSource": "Constant"
          }
        },
        "SubBindings": [],
        "DefaultValueSource": "Property"
      }
    ],
    "UiPath.Core.Activities.GetQueueItems": [
      {
        "Type": "queue",
        "PublishNullValues": false,
        "Key": {
          "Value": "BindingsKey",
          "ValueSource": "Property"
        },
        "Values": {
          "folderPath": {
            "Value": "FolderPath",
            "ValueSource": "Property"
          },
          "name": {
            "Value": "QueueName",
            "ValueSource": "Property"
          }
        },
        "Arguments": {
          "ActivityName": {
            "Value": "DisplayName",
            "ValueSource": "Property"
          },
          "BindingsVersion": {
            "Value": "2.1",
            "ValueSource": "Constant"
          },
          "DisplayLabel": {
            "Value": "FullName",
            "ValueSource": "Constant"
          },
          "SolutionsSupport": {
            "Value": "true",
            "ValueSource": "Constant"
          }
        },
        "SubBindings": [],
        "DefaultValueSource": "Property"
      }
    ],
    "UiPath.Core.Activities.GetRobotAsset": [
      {
        "Type": "asset",
        "PublishNullValues": false,
        "Key": {
          "Value": "BindingsKey",
          "ValueSource": "Property"
        },
        "Values": {
          "folderPath": {
            "Value": "FolderPath",
            "ValueSource": "Property"
          },
          "name": {
            "Value": "AssetName",
            "ValueSource": "Property"
          }
        },
        "Arguments": {
          "ActivityName": {
            "Value": "DisplayName",
            "ValueSource": "Property"
          },
          "BindingsVersion": {
            "Value": "2.1",
            "ValueSource": "Constant"
          },
          "DisplayLabel": {
            "Value": "FullName",
            "ValueSource": "Constant"
          }
        },
        "SubBindings": [],
        "DefaultValueSource": "Property"
      }
    ],
    "UiPath.Core.Activities.GetRobotCredential": [
      {
        "Type": "asset",
        "PublishNullValues": false,
        "Key": {
          "Value": "BindingsKey",
          "ValueSource": "Property"
        },
        "Values": {
          "folderPath": {
            "Value": "FolderPath",
            "ValueSource": "Property"
          },
          "name": {
            "Value": "AssetName",
            "ValueSource": "Property"
          }
        },
        "Arguments": {
          "ActivityName": {
            "Value": "DisplayName",
            "ValueSource": "Property"
          },
          "BindingsVersion": {
            "Value": "2.1",
            "ValueSource": "Constant"
          },
          "DisplayLabel": {
            "Value": "FullName",
            "ValueSource": "Constant"
          }
        },
        "SubBindings": [],
        "DefaultValueSource": "Property"
      }
    ],
    "UiPath.Core.Activities.GetTransactionItem": [
      {
        "Type": "queue",
        "Values": {
          "name": {
            "Value": "QueueType",
            "ValueSource": "Property"
          },
          "folderPath": {
            "Value": "FolderPath",
            "ValueSource": "Property"
          }
        },
        "DefaultValueSource": "Default"
      }
    ],
    "UiPath.Core.Activities.InvokeProcess": [
      {
        "Type": "process",
        "PublishNullValues": false,
        "Key": {
          "Value": "BindingsKey",
          "ValueSource": "Property"
        },
        "Values": {
          "folderPath": {
            "Value": "FolderPath",
            "ValueSource": "Property"
          },
          "name": {
            "Value": "ProcessName",
            "ValueSource": "Property"
          }
        },
        "Arguments": {
          "ActivityName": {
            "Value": "DisplayName",
            "ValueSource": "Property"
          },
          "BindingsVersion": {
            "Value": "2.1",
            "ValueSource": "Constant"
          },
          "DisplayLabel": {
            "Value": "FullName",
            "ValueSource": "Constant"
          },
          "SolutionsSupport": {
            "Value": "true",
            "ValueSource": "Constant"
          }
        },
        "SubBindings": [],
        "DefaultValueSource": "Property"
      }
    ],
    "UiPath.Core.Activities.PostponeTransactionItem": [
      {
        "Type": "queue",
        "Values": {
          "folderPath": {
            "Value": "FolderPath",
            "ValueSource": "Property"
          }
        },
        "DefaultValueSource": "Default"
      }
    ],
    "UiPath.Core.Activities.QueueTrigger": [
      {
        "Type": "QueueTrigger",
        "PublishNullValues": false,
        "Key": {
          "Value": "BindingsKey",
          "ValueSource": "Property"
        },
        "Values": {
          "folderPath": {
            "Value": "FolderPath",
            "ValueSource": "Property"
          },
          "name": {
            "Value": "QueueName",
            "ValueSource": "Property"
          }
        },
        "Arguments": {
          "ItemsActivationThreshold": {
            "Value": "ItemsActivationThreshold",
            "ValueSource": "Property"
          },
          "ItemsPerJobActivationTarget": {
            "Value": "ItemsPerJobActivationTarget",
            "ValueSource": "Property"
          },
          "MaxJobsForActivation": {
            "Value": "MaxJobsForActivation",
            "ValueSource": "Property"
          },
          "ActivityName": {
            "Value": "DisplayName",
            "ValueSource": "Property"
          },
          "BindingsVersion": {
            "Value": "2.1",
            "ValueSource": "Constant"
          },
          "DisplayLabel": {
            "Value": "FullName",
            "ValueSource": "Constant"
          },
          "SolutionsSupport": {
            "Value": "true",
            "ValueSource": "Constant"
          }
        },
        "SubBindings": [],
        "DefaultValueSource": "Property"
      }
    ],
    "UiPath.Core.Activities.SetAsset": [
      {
        "Type": "asset",
        "PublishNullValues": false,
        "Key": {
          "Value": "BindingsKey",
          "ValueSource": "Property"
        },
        "Values": {
          "folderPath": {
            "Value": "FolderPath",
            "ValueSource": "Property"
          },
          "name": {
            "Value": "AssetName",
            "ValueSource": "Property"
          }
        },
        "Arguments": {
          "ActivityName": {
            "Value": "DisplayName",
            "ValueSource": "Property"
          },
          "BindingsVersion": {
            "Value": "2.1",
            "ValueSource": "Constant"
          },
          "DisplayLabel": {
            "Value": "FullName",
            "ValueSource": "Constant"
          }
        },
        "SubBindings": [],
        "DefaultValueSource": "Property"
      }
    ],
    "UiPath.Core.Activities.SetCredential": [
      {
        "Type": "asset",
        "PublishNullValues": false,
        "Key": {
          "Value": "BindingsKey",
          "ValueSource": "Property"
        },
        "Values": {
          "folderPath": {
            "Value": "FolderPath",
            "ValueSource": "Property"
          },
          "name": {
            "Value": "CredentialName",
            "ValueSource": "Property"
          }
        },
        "Arguments": {
          "ActivityName": {
            "Value": "DisplayName",
            "ValueSource": "Property"
          },
          "BindingsVersion": {
            "Value": "2.1",
            "ValueSource": "Constant"
          },
          "DisplayLabel": {
            "Value": "FullName",
            "ValueSource": "Constant"
          }
        },
        "SubBindings": [],
        "DefaultValueSource": "Property"
      }
    ],
    "UiPath.Core.Activities.SetTransactionProgress": [
      {
        "Type": "queue",
        "Values": {
          "folderPath": {
            "Value": "FolderPath",
            "ValueSource": "Property"
          }
        },
        "DefaultValueSource": "Default"
      }
    ],
    "UiPath.Core.Activities.SetTransactionStatus": [
      {
        "Type": "queue",
        "Values": {
          "folderPath": {
            "Value": "FolderPath",
            "ValueSource": "Property"
          }
        },
        "DefaultValueSource": "Default"
      }
    ],
    "UiPath.Core.Activities.StartJob": [
      {
        "Type": "process",
        "PublishNullValues": false,
        "Key": {
          "Value": "BindingsKey",
          "ValueSource": "Property"
        },
        "Values": {
          "folderPath": {
            "Value": "FolderPath",
            "ValueSource": "Property"
          },
          "name": {
            "Value": "ProcessName",
            "ValueSource": "Property"
          }
        },
        "Arguments": {
          "ActivityName": {
            "Value": "DisplayName",
            "ValueSource": "Property"
          },
          "BindingsVersion": {
            "Value": "2.1",
            "ValueSource": "Constant"
          },
          "DisplayLabel": {
            "Value": "FullName",
            "ValueSource": "Constant"
          },
          "SolutionsSupport": {
            "Value": "true",
            "ValueSource": "Constant"
          }
        },
        "SubBindings": [],
        "DefaultValueSource": "Property"
      }
    ],
    "UiPath.Core.Activities.StopJob": [
      {
        "Type": "process",
        "Values": {
          "folderPath": {
            "Value": "FolderPath",
            "ValueSource": "Property"
          }
        },
        "DefaultValueSource": "Default"
      }
    ],
    "UiPath.Core.Activities.Storage.DeleteStorageFile": [
      {
        "Type": "bucket",
        "PublishNullValues": false,
        "Key": {
          "Value": "BindingsKey",
          "ValueSource": "Property"
        },
        "Values": {
          "folderPath": {
            "Value": "FolderPath",
            "ValueSource": "Property"
          },
          "name": {
            "Value": "StorageBucketName",
            "ValueSource": "Property"
          }
        },
        "Arguments": {
          "ActivityName": {
            "Value": "DisplayName",
            "ValueSource": "Property"
          },
          "BindingsVersion": {
            "Value": "2.1",
            "ValueSource": "Constant"
          },
          "DisplayLabel": {
            "Value": "FullName",
            "ValueSource": "Constant"
          },
          "SolutionsSupport": {
            "Value": "true",
            "ValueSource": "Constant"
          }
        },
        "SubBindings": [],
        "DefaultValueSource": "Property"
      }
    ],
    "UiPath.Core.Activities.Storage.DownloadStorageFile": [
      {
        "Type": "bucket",
        "PublishNullValues": false,
        "Key": {
          "Value": "BindingsKey",
          "ValueSource": "Property"
        },
        "Values": {
          "folderPath": {
            "Value": "FolderPath",
            "ValueSource": "Property"
          },
          "name": {
            "Value": "StorageBucketName",
            "ValueSource": "Property"
          }
        },
        "Arguments": {
          "ActivityName": {
            "Value": "DisplayName",
            "ValueSource": "Property"
          },
          "BindingsVersion": {
            "Value": "2.1",
            "ValueSource": "Constant"
          },
          "DisplayLabel": {
            "Value": "FullName",
            "ValueSource": "Constant"
          },
          "SolutionsSupport": {
            "Value": "true",
            "ValueSource": "Constant"
          }
        },
        "SubBindings": [],
        "DefaultValueSource": "Property"
      }
    ],
    "UiPath.Core.Activities.Storage.ListStorageFiles": [
      {
        "Type": "bucket",
        "PublishNullValues": false,
        "Key": {
          "Value": "BindingsKey",
          "ValueSource": "Property"
        },
        "Values": {
          "folderPath": {
            "Value": "FolderPath",
            "ValueSource": "Property"
          },
          "name": {
            "Value": "StorageBucketName",
            "ValueSource": "Property"
          }
        },
        "Arguments": {
          "ActivityName": {
            "Value": "DisplayName",
            "ValueSource": "Property"
          },
          "BindingsVersion": {
            "Value": "2.1",
            "ValueSource": "Constant"
          },
          "DisplayLabel": {
            "Value": "FullName",
            "ValueSource": "Constant"
          },
          "SolutionsSupport": {
            "Value": "true",
            "ValueSource": "Constant"
          }
        },
        "SubBindings": [],
        "DefaultValueSource": "Property"
      }
    ],
    "UiPath.Core.Activities.Storage.ReadStorageText": [
      {
        "Type": "bucket",
        "PublishNullValues": false,
        "Key": {
          "Value": "BindingsKey",
          "ValueSource": "Property"
        },
        "Values": {
          "folderPath": {
            "Value": "FolderPath",
            "ValueSource": "Property"
          },
          "name": {
            "Value": "StorageBucketName",
            "ValueSource": "Property"
          }
        },
        "Arguments": {
          "ActivityName": {
            "Value": "DisplayName",
            "ValueSource": "Property"
          },
          "BindingsVersion": {
            "Value": "2.1",
            "ValueSource": "Constant"
          },
          "DisplayLabel": {
            "Value": "FullName",
            "ValueSource": "Constant"
          },
          "SolutionsSupport": {
            "Value": "true",
            "ValueSource": "Constant"
          }
        },
        "SubBindings": [],
        "DefaultValueSource": "Property"
      }
    ],
    "UiPath.Core.Activities.Storage.UploadStorageFile": [
      {
        "Type": "bucket",
        "PublishNullValues": false,
        "Key": {
          "Value": "BindingsKey",
          "ValueSource": "Property"
        },
        "Values": {
          "folderPath": {
            "Value": "FolderPath",
            "ValueSource": "Property"
          },
          "name": {
            "Value": "StorageBucketName",
            "ValueSource": "Property"
          }
        },
        "Arguments": {
          "ActivityName": {
            "Value": "DisplayName",
            "ValueSource": "Property"
          },
          "BindingsVersion": {
            "Value": "2.1",
            "ValueSource": "Constant"
          },
          "DisplayLabel": {
            "Value": "FullName",
            "ValueSource": "Constant"
          },
          "SolutionsSupport": {
            "Value": "true",
            "ValueSource": "Constant"
          }
        },
        "SubBindings": [],
        "DefaultValueSource": "Property"
      }
    ],
    "UiPath.Core.Activities.Storage.WriteStorageText": [
      {
        "Type": "bucket",
        "PublishNullValues": false,
        "Key": {
          "Value": "BindingsKey",
          "ValueSource": "Property"
        },
        "Values": {
          "folderPath": {
            "Value": "FolderPath",
            "ValueSource": "Property"
          },
          "name": {
            "Value": "StorageBucketName",
            "ValueSource": "Property"
          }
        },
        "Arguments": {
          "ActivityName": {
            "Value": "DisplayName",
            "ValueSource": "Property"
          },
          "BindingsVersion": {
            "Value": "2.1",
            "ValueSource": "Constant"
          },
          "DisplayLabel": {
            "Value": "FullName",
            "ValueSource": "Constant"
          },
          "SolutionsSupport": {
            "Value": "true",
            "ValueSource": "Constant"
          }
        },
        "SubBindings": [],
        "DefaultValueSource": "Property"
      }
    ],
    "UiPath.Core.Activities.TimeTrigger": [
      {
        "Type": "TimeTrigger",
        "PublishNullValues": false,
        "Key": {
          "Value": "N/A",
          "ValueSource": "Property"
        },
        "Values": {},
        "Arguments": {
          "TimeZone": {
            "Value": "TimeZone",
            "ValueSource": "Property"
          },
          "CronExpression": {
            "Value": "CronExpression",
            "ValueSource": "Property"
          },
          "ActivityName": {
            "Value": "DisplayName",
            "ValueSource": "Property"
          },
          "BindingsVersion": {
            "Value": "2.1",
            "ValueSource": "Constant"
          },
          "DisplayLabel": {
            "Value": "FullName",
            "ValueSource": "Constant"
          }
        },
        "SubBindings": [],
        "DefaultValueSource": "Property"
      }
    ],
    "UiPath.Core.Activities.WaitQueueItem": [
      {
        "Type": "queue",
        "PublishNullValues": false,
        "Key": {
          "Value": "BindingsKey",
          "ValueSource": "Property"
        },
        "Values": {
          "folderPath": {
            "Value": "FolderPath",
            "ValueSource": "Property"
          },
          "name": {
            "Value": "QueueName",
            "ValueSource": "Property"
          }
        },
        "Arguments": {
          "ActivityName": {
            "Value": "DisplayName",
            "ValueSource": "Property"
          },
          "BindingsVersion": {
            "Value": "2.1",
            "ValueSource": "Constant"
          },
          "DisplayLabel": {
            "Value": "FullName",
            "ValueSource": "Constant"
          },
          "SolutionsSupport": {
            "Value": "true",
            "ValueSource": "Constant"
          }
        },
        "SubBindings": [],
        "DefaultValueSource": "Property"
      }
    ],
    "UiPath.GoogleCloud.Activities.GCPConfigureRobot": [
      {
        "Type": "Connection",
        "PublishNullValues": false,
        "Key": {
          "Value": "BindingsKey",
          "ValueSource": "Property"
        },
        "Values": {
          "ConnectionId": {
            "Value": "ConnectionId",
            "ValueSource": "Property"
          }
        },
        "Arguments": {
          "BindingsVersion": {
            "Value": "2.1",
            "ValueSource": "Constant"
          },
          "Connector": {
            "Value": "Connector",
            "ValueSource": "Property"
          },
          "UseConnectionService": {
            "Value": "UseConnectionService",
            "ValueSource": "Property"
          }
        },
        "SubBindings": [],
        "DefaultValueSource": "Property"
      }
    ],
    "UiPath.GoogleCloud.Activities.GCPCopyObject": [
      {
        "Type": "Connection",
        "PublishNullValues": false,
        "Key": {
          "Value": "BindingsKey",
          "ValueSource": "Property"
        },
        "Values": {
          "ConnectionId": {
            "Value": "ConnectionId",
            "ValueSource": "Property"
          }
        },
        "Arguments": {
          "BindingsVersion": {
            "Value": "2.1",
            "ValueSource": "Constant"
          },
          "Connector": {
            "Value": "Connector",
            "ValueSource": "Property"
          },
          "UseConnectionService": {
            "Value": "UseConnectionService",
            "ValueSource": "Property"
          }
        },
        "SubBindings": [],
        "DefaultValueSource": "Property"
      }
    ],
    "UiPath.GoogleCloud.Activities.GCPCreateBucket": [
      {
        "Type": "Connection",
        "PublishNullValues": false,
        "Key": {
          "Value": "BindingsKey",
          "ValueSource": "Property"
        },
        "Values": {
          "ConnectionId": {
            "Value": "ConnectionId",
            "ValueSource": "Property"
          }
        },
        "Arguments": {
          "BindingsVersion": {
            "Value": "2.1",
            "ValueSource": "Constant"
          },
          "Connector": {
            "Value": "Connector",
            "ValueSource": "Property"
          },
          "UseConnectionService": {
            "Value": "UseConnectionService",
            "ValueSource": "Property"
          }
        },
        "SubBindings": [],
        "DefaultValueSource": "Property"
      }
    ],
    "UiPath.GoogleCloud.Activities.GCPCreateInstance": [
      {
        "Type": "Connection",
        "PublishNullValues": false,
        "Key": {
          "Value": "BindingsKey",
          "ValueSource": "Property"
        },
        "Values": {
          "ConnectionId": {
            "Value": "ConnectionId",
            "ValueSource": "Property"
          }
        },
        "Arguments": {
          "BindingsVersion": {
            "Value": "2.1",
            "ValueSource": "Constant"
          },
          "Connector": {
            "Value": "Connector",
            "ValueSource": "Property"
          },
          "UseConnectionService": {
            "Value": "UseConnectionService",
            "ValueSource": "Property"
          }
        },
        "SubBindings": [],
        "DefaultValueSource": "Property"
      }
    ],
    "UiPath.GoogleCloud.Activities.GCPCreateInstanceFromTemplate": [
      {
        "Type": "Connection",
        "PublishNullValues": false,
        "Key": {
          "Value": "BindingsKey",
          "ValueSource": "Property"
        },
        "Values": {
          "ConnectionId": {
            "Value": "ConnectionId",
            "ValueSource": "Property"
          }
        },
        "Arguments": {
          "BindingsVersion": {
            "Value": "2.1",
            "ValueSource": "Constant"
          },
          "Connector": {
            "Value": "Connector",
            "ValueSource": "Property"
          },
          "UseConnectionService": {
            "Value": "UseConnectionService",
            "ValueSource": "Property"
          }
        },
        "SubBindings": [],
        "DefaultValueSource": "Property"
      }
    ],
    "UiPath.GoogleCloud.Activities.GCPCreateRole": [
      {
        "Type": "Connection",
        "PublishNullValues": false,
        "Key": {
          "Value": "BindingsKey",
          "ValueSource": "Property"
        },
        "Values": {
          "ConnectionId": {
            "Value": "ConnectionId",
            "ValueSource": "Property"
          }
        },
        "Arguments": {
          "BindingsVersion": {
            "Value": "2.1",
            "ValueSource": "Constant"
          },
          "Connector": {
            "Value": "Connector",
            "ValueSource": "Property"
          },
          "UseConnectionService": {
            "Value": "UseConnectionService",
            "ValueSource": "Property"
          }
        },
        "SubBindings": [],
        "DefaultValueSource": "Property"
      }
    ],
    "UiPath.GoogleCloud.Activities.GCPDeleteBucket": [
      {
        "Type": "Connection",
        "PublishNullValues": false,
        "Key": {
          "Value": "BindingsKey",
          "ValueSource": "Property"
        },
        "Values": {
          "ConnectionId": {
            "Value": "ConnectionId",
            "ValueSource": "Property"
          }
        },
        "Arguments": {
          "BindingsVersion": {
            "Value": "2.1",
            "ValueSource": "Constant"
          },
          "Connector": {
            "Value": "Connector",
            "ValueSource": "Property"
          },
          "UseConnectionService": {
            "Value": "UseConnectionService",
            "ValueSource": "Property"
          }
        },
        "SubBindings": [],
        "DefaultValueSource": "Property"
      }
    ],
    "UiPath.GoogleCloud.Activities.GCPDeleteInstance": [
      {
        "Type": "Connection",
        "PublishNullValues": false,
        "Key": {
          "Value": "BindingsKey",
          "ValueSource": "Property"
        },
        "Values": {
          "ConnectionId": {
            "Value": "ConnectionId",
            "ValueSource": "Property"
          }
        },
        "Arguments": {
          "BindingsVersion": {
            "Value": "2.1",
            "ValueSource": "Constant"
          },
          "Connector": {
            "Value": "Connector",
            "ValueSource": "Property"
          },
          "UseConnectionService": {
            "Value": "UseConnectionService",
            "ValueSource": "Property"
          }
        },
        "SubBindings": [],
        "DefaultValueSource": "Property"
      }
    ],
    "UiPath.GoogleCloud.Activities.GCPDeleteObject": [
      {
        "Type": "Connection",
        "PublishNullValues": false,
        "Key": {
          "Value": "BindingsKey",
          "ValueSource": "Property"
        },
        "Values": {
          "ConnectionId": {
            "Value": "ConnectionId",
            "ValueSource": "Property"
          }
        },
        "Arguments": {
          "BindingsVersion": {
            "Value": "2.1",
            "ValueSource": "Constant"
          },
          "Connector": {
            "Value": "Connector",
            "ValueSource": "Property"
          },
          "UseConnectionService": {
            "Value": "UseConnectionService",
            "ValueSource": "Property"
          }
        },
        "SubBindings": [],
        "DefaultValueSource": "Property"
      }
    ],
    "UiPath.GoogleCloud.Activities.GCPDeleteRole": [
      {
        "Type": "Connection",
        "PublishNullValues": false,
        "Key": {
          "Value": "BindingsKey",
          "ValueSource": "Property"
        },
        "Values": {
          "ConnectionId": {
            "Value": "ConnectionId",
            "ValueSource": "Property"
          }
        },
        "Arguments": {
          "BindingsVersion": {
            "Value": "2.1",
            "ValueSource": "Constant"
          },
          "Connector": {
            "Value": "Connector",
            "ValueSource": "Property"
          },
          "UseConnectionService": {
            "Value": "UseConnectionService",
            "ValueSource": "Property"
          }
        },
        "SubBindings": [],
        "DefaultValueSource": "Property"
      }
    ],
    "UiPath.GoogleCloud.Activities.GCPDownloadObject": [
      {
        "Type": "Connection",
        "PublishNullValues": false,
        "Key": {
          "Value": "BindingsKey",
          "ValueSource": "Property"
        },
        "Values": {
          "ConnectionId": {
            "Value": "ConnectionId",
            "ValueSource": "Property"
          }
        },
        "Arguments": {
          "BindingsVersion": {
            "Value": "2.1",
            "ValueSource": "Constant"
          },
          "Connector": {
            "Value": "Connector",
            "ValueSource": "Property"
          },
          "UseConnectionService": {
            "Value": "UseConnectionService",
            "ValueSource": "Property"
          }
        },
        "SubBindings": [],
        "DefaultValueSource": "Property"
      }
    ],
    "UiPath.GoogleCloud.Activities.GCPForEachBucket": [
      {
        "Type": "Connection",
        "PublishNullValues": false,
        "Key": {
          "Value": "BindingsKey",
          "ValueSource": "Property"
        },
        "Values": {
          "ConnectionId": {
            "Value": "ConnectionId",
            "ValueSource": "Property"
          }
        },
        "Arguments": {
          "BindingsVersion": {
            "Value": "2.1",
            "ValueSource": "Constant"
          },
          "Connector": {
            "Value": "Connector",
            "ValueSource": "Property"
          },
          "UseConnectionService": {
            "Value": "UseConnectionService",
            "ValueSource": "Property"
          }
        },
        "SubBindings": [],
        "DefaultValueSource": "Property"
      }
    ],
    "UiPath.GoogleCloud.Activities.GCPForEachGrantableRole": [
      {
        "Type": "Connection",
        "PublishNullValues": false,
        "Key": {
          "Value": "BindingsKey",
          "ValueSource": "Property"
        },
        "Values": {
          "ConnectionId": {
            "Value": "ConnectionId",
            "ValueSource": "Property"
          }
        },
        "Arguments": {
          "BindingsVersion": {
            "Value": "2.1",
            "ValueSource": "Constant"
          },
          "Connector": {
            "Value": "Connector",
            "ValueSource": "Property"
          },
          "UseConnectionService": {
            "Value": "UseConnectionService",
            "ValueSource": "Property"
          }
        },
        "SubBindings": [],
        "DefaultValueSource": "Property"
      }
    ],
    "UiPath.GoogleCloud.Activities.GCPForEachInstance": [
      {
        "Type": "Connection",
        "PublishNullValues": false,
        "Key": {
          "Value": "BindingsKey",
          "ValueSource": "Property"
        },
        "Values": {
          "ConnectionId": {
            "Value": "ConnectionId",
            "ValueSource": "Property"
          }
        },
        "Arguments": {
          "BindingsVersion": {
            "Value": "2.1",
            "ValueSource": "Constant"
          },
          "Connector": {
            "Value": "Connector",
            "ValueSource": "Property"
          },
          "UseConnectionService": {
            "Value": "UseConnectionService",
            "ValueSource": "Property"
          }
        },
        "SubBindings": [],
        "DefaultValueSource": "Property"
      }
    ],
    "UiPath.GoogleCloud.Activities.GCPForEachObjectInBucket": [
      {
        "Type": "Connection",
        "PublishNullValues": false,
        "Key": {
          "Value": "BindingsKey",
          "ValueSource": "Property"
        },
        "Values": {
          "ConnectionId": {
            "Value": "ConnectionId",
            "ValueSource": "Property"
          }
        },
        "Arguments": {
          "BindingsVersion": {
            "Value": "2.1",
            "ValueSource": "Constant"
          },
          "Connector": {
            "Value": "Connector",
            "ValueSource": "Property"
          },
          "UseConnectionService": {
            "Value": "UseConnectionService",
            "ValueSource": "Property"
          }
        },
        "SubBindings": [],
        "DefaultValueSource": "Property"
      }
    ],
    "UiPath.GoogleCloud.Activities.GCPForEachProject": [
      {
        "Type": "Connection",
        "PublishNullValues": false,
        "Key": {
          "Value": "BindingsKey",
          "ValueSource": "Property"
        },
        "Values": {
          "ConnectionId": {
            "Value": "ConnectionId",
            "ValueSource": "Property"
          }
        },
        "Arguments": {
          "BindingsVersion": {
            "Value": "2.1",
            "ValueSource": "Constant"
          },
          "Connector": {
            "Value": "Connector",
            "ValueSource": "Property"
          },
          "UseConnectionService": {
            "Value": "UseConnectionService",
            "ValueSource": "Property"
          }
        },
        "SubBindings": [],
        "DefaultValueSource": "Property"
      }
    ],
    "UiPath.GoogleCloud.Activities.GCPForEachRole": [
      {
        "Type": "Connection",
        "PublishNullValues": false,
        "Key": {
          "Value": "BindingsKey",
          "ValueSource": "Property"
        },
        "Values": {
          "ConnectionId": {
            "Value": "ConnectionId",
            "ValueSource": "Property"
          }
        },
        "Arguments": {
          "BindingsVersion": {
            "Value": "2.1",
            "ValueSource": "Constant"
          },
          "Connector": {
            "Value": "Connector",
            "ValueSource": "Property"
          },
          "UseConnectionService": {
            "Value": "UseConnectionService",
            "ValueSource": "Property"
          }
        },
        "SubBindings": [],
        "DefaultValueSource": "Property"
      }
    ],
    "UiPath.GoogleCloud.Activities.GCPGetBucket": [
      {
        "Type": "Connection",
        "PublishNullValues": false,
        "Key": {
          "Value": "BindingsKey",
          "ValueSource": "Property"
        },
        "Values": {
          "ConnectionId": {
            "Value": "ConnectionId",
            "ValueSource": "Property"
          }
        },
        "Arguments": {
          "BindingsVersion": {
            "Value": "2.1",
            "ValueSource": "Constant"
          },
          "Connector": {
            "Value": "Connector",
            "ValueSource": "Property"
          },
          "UseConnectionService": {
            "Value": "UseConnectionService",
            "ValueSource": "Property"
          }
        },
        "SubBindings": [],
        "DefaultValueSource": "Property"
      }
    ],
    "UiPath.GoogleCloud.Activities.GCPGetIAMPolicy": [
      {
        "Type": "Connection",
        "PublishNullValues": false,
        "Key": {
          "Value": "BindingsKey",
          "ValueSource": "Property"
        },
        "Values": {
          "ConnectionId": {
            "Value": "ConnectionId",
            "ValueSource": "Property"
          }
        },
        "Arguments": {
          "BindingsVersion": {
            "Value": "2.1",
            "ValueSource": "Constant"
          },
          "Connector": {
            "Value": "Connector",
            "ValueSource": "Property"
          },
          "UseConnectionService": {
            "Value": "UseConnectionService",
            "ValueSource": "Property"
          }
        },
        "SubBindings": [],
        "DefaultValueSource": "Property"
      }
    ],
    "UiPath.GoogleCloud.Activities.GCPGetInstance": [
      {
        "Type": "Connection",
        "PublishNullValues": false,
        "Key": {
          "Value": "BindingsKey",
          "ValueSource": "Property"
        },
        "Values": {
          "ConnectionId": {
            "Value": "ConnectionId",
            "ValueSource": "Property"
          }
        },
        "Arguments": {
          "BindingsVersion": {
            "Value": "2.1",
            "ValueSource": "Constant"
          },
          "Connector": {
            "Value": "Connector",
            "ValueSource": "Property"
          },
          "UseConnectionService": {
            "Value": "UseConnectionService",
            "ValueSource": "Property"
          }
        },
        "SubBindings": [],
        "DefaultValueSource": "Property"
      }
    ],
    "UiPath.GoogleCloud.Activities.GCPGetObject": [
      {
        "Type": "Connection",
        "PublishNullValues": false,
        "Key": {
          "Value": "BindingsKey",
          "ValueSource": "Property"
        },
        "Values": {
          "ConnectionId": {
            "Value": "ConnectionId",
            "ValueSource": "Property"
          }
        },
        "Arguments": {
          "BindingsVersion": {
            "Value": "2.1",
            "ValueSource": "Constant"
          },
          "Connector": {
            "Value": "Connector",
            "ValueSource": "Property"
          },
          "UseConnectionService": {
            "Value": "UseConnectionService",
            "ValueSource": "Property"
          }
        },
        "SubBindings": [],
        "DefaultValueSource": "Property"
      }
    ],
    "UiPath.GoogleCloud.Activities.GCPGetProject": [
      {
        "Type": "Connection",
        "PublishNullValues": false,
        "Key": {
          "Value": "BindingsKey",
          "ValueSource": "Property"
        },
        "Values": {
          "ConnectionId": {
            "Value": "ConnectionId",
            "ValueSource": "Property"
          }
        },
        "Arguments": {
          "BindingsVersion": {
            "Value": "2.1",
            "ValueSource": "Constant"
          },
          "Connector": {
            "Value": "Connector",
            "ValueSource": "Property"
          },
          "UseConnectionService": {
            "Value": "UseConnectionService",
            "ValueSource": "Property"
          }
        },
        "SubBindings": [],
        "DefaultValueSource": "Property"
      }
    ],
    "UiPath.GoogleCloud.Activities.GCPGetRole": [
      {
        "Type": "Connection",
        "PublishNullValues": false,
        "Key": {
          "Value": "BindingsKey",
          "ValueSource": "Property"
        },
        "Values": {
          "ConnectionId": {
            "Value": "ConnectionId",
            "ValueSource": "Property"
          }
        },
        "Arguments": {
          "BindingsVersion": {
            "Value": "2.1",
            "ValueSource": "Constant"
          },
          "Connector": {
            "Value": "Connector",
            "ValueSource": "Property"
          },
          "UseConnectionService": {
            "Value": "UseConnectionService",
            "ValueSource": "Property"
          }
        },
        "SubBindings": [],
        "DefaultValueSource": "Property"
      }
    ],
    "UiPath.GoogleCloud.Activities.GCPGetSecretData": [
      {
        "Type": "Connection",
        "PublishNullValues": false,
        "Key": {
          "Value": "BindingsKey",
          "ValueSource": "Property"
        },
        "Values": {
          "ConnectionId": {
            "Value": "ConnectionId",
            "ValueSource": "Property"
          }
        },
        "Arguments": {
          "BindingsVersion": {
            "Value": "2.1",
            "ValueSource": "Constant"
          },
          "Connector": {
            "Value": "Connector",
            "ValueSource": "Property"
          },
          "UseConnectionService": {
            "Value": "UseConnectionService",
            "ValueSource": "Property"
          }
        },
        "SubBindings": [],
        "DefaultValueSource": "Property"
      }
    ],
    "UiPath.GoogleCloud.Activities.GCPResetInstance": [
      {
        "Type": "Connection",
        "PublishNullValues": false,
        "Key": {
          "Value": "BindingsKey",
          "ValueSource": "Property"
        },
        "Values": {
          "ConnectionId": {
            "Value": "ConnectionId",
            "ValueSource": "Property"
          }
        },
        "Arguments": {
          "BindingsVersion": {
            "Value": "2.1",
            "ValueSource": "Constant"
          },
          "Connector": {
            "Value": "Connector",
            "ValueSource": "Property"
          },
          "UseConnectionService": {
            "Value": "UseConnectionService",
            "ValueSource": "Property"
          }
        },
        "SubBindings": [],
        "DefaultValueSource": "Property"
      }
    ],
    "UiPath.GoogleCloud.Activities.GCPRunScriptOnInstance": [
      {
        "Type": "Connection",
        "PublishNullValues": false,
        "Key": {
          "Value": "BindingsKey",
          "ValueSource": "Property"
        },
        "Values": {
          "ConnectionId": {
            "Value": "ConnectionId",
            "ValueSource": "Property"
          }
        },
        "Arguments": {
          "BindingsVersion": {
            "Value": "2.1",
            "ValueSource": "Constant"
          },
          "Connector": {
            "Value": "Connector",
            "ValueSource": "Property"
          },
          "UseConnectionService": {
            "Value": "UseConnectionService",
            "ValueSource": "Property"
          }
        },
        "SubBindings": [],
        "DefaultValueSource": "Property"
      }
    ],
    "UiPath.GoogleCloud.Activities.GCPSetIAMPolicy": [
      {
        "Type": "Connection",
        "PublishNullValues": false,
        "Key": {
          "Value": "BindingsKey",
          "ValueSource": "Property"
        },
        "Values": {
          "ConnectionId": {
            "Value": "ConnectionId",
            "ValueSource": "Property"
          }
        },
        "Arguments": {
          "BindingsVersion": {
            "Value": "2.1",
            "ValueSource": "Constant"
          },
          "Connector": {
            "Value": "Connector",
            "ValueSource": "Property"
          },
          "UseConnectionService": {
            "Value": "UseConnectionService",
            "ValueSource": "Property"
          }
        },
        "SubBindings": [],
        "DefaultValueSource": "Property"
      }
    ],
    "UiPath.GoogleCloud.Activities.GCPStartInstance": [
      {
        "Type": "Connection",
        "PublishNullValues": false,
        "Key": {
          "Value": "BindingsKey",
          "ValueSource": "Property"
        },
        "Values": {
          "ConnectionId": {
            "Value": "ConnectionId",
            "ValueSource": "Property"
          }
        },
        "Arguments": {
          "BindingsVersion": {
            "Value": "2.1",
            "ValueSource": "Constant"
          },
          "Connector": {
            "Value": "Connector",
            "ValueSource": "Property"
          },
          "UseConnectionService": {
            "Value": "UseConnectionService",
            "ValueSource": "Property"
          }
        },
        "SubBindings": [],
        "DefaultValueSource": "Property"
      }
    ],
    "UiPath.GoogleCloud.Activities.GCPStopInstance": [
      {
        "Type": "Connection",
        "PublishNullValues": false,
        "Key": {
          "Value": "BindingsKey",
          "ValueSource": "Property"
        },
        "Values": {
          "ConnectionId": {
            "Value": "ConnectionId",
            "ValueSource": "Property"
          }
        },
        "Arguments": {
          "BindingsVersion": {
            "Value": "2.1",
            "ValueSource": "Constant"
          },
          "Connector": {
            "Value": "Connector",
            "ValueSource": "Property"
          },
          "UseConnectionService": {
            "Value": "UseConnectionService",
            "ValueSource": "Property"
          }
        },
        "SubBindings": [],
        "DefaultValueSource": "Property"
      }
    ],
    "UiPath.GoogleCloud.Activities.GCPUndeleteRole": [
      {
        "Type": "Connection",
        "PublishNullValues": false,
        "Key": {
          "Value": "BindingsKey",
          "ValueSource": "Property"
        },
        "Values": {
          "ConnectionId": {
            "Value": "ConnectionId",
            "ValueSource": "Property"
          }
        },
        "Arguments": {
          "BindingsVersion": {
            "Value": "2.1",
            "ValueSource": "Constant"
          },
          "Connector": {
            "Value": "Connector",
            "ValueSource": "Property"
          },
          "UseConnectionService": {
            "Value": "UseConnectionService",
            "ValueSource": "Property"
          }
        },
        "SubBindings": [],
        "DefaultValueSource": "Property"
      }
    ],
    "UiPath.GoogleCloud.Activities.GCPUpdateBucketProperties": [
      {
        "Type": "Connection",
        "PublishNullValues": false,
        "Key": {
          "Value": "BindingsKey",
          "ValueSource": "Property"
        },
        "Values": {
          "ConnectionId": {
            "Value": "ConnectionId",
            "ValueSource": "Property"
          }
        },
        "Arguments": {
          "BindingsVersion": {
            "Value": "2.1",
            "ValueSource": "Constant"
          },
          "Connector": {
            "Value": "Connector",
            "ValueSource": "Property"
          },
          "UseConnectionService": {
            "Value": "UseConnectionService",
            "ValueSource": "Property"
          }
        },
        "SubBindings": [],
        "DefaultValueSource": "Property"
      }
    ],
    "UiPath.GoogleCloud.Activities.GCPUpdateRole": [
      {
        "Type": "Connection",
        "PublishNullValues": false,
        "Key": {
          "Value": "BindingsKey",
          "ValueSource": "Property"
        },
        "Values": {
          "ConnectionId": {
            "Value": "ConnectionId",
            "ValueSource": "Property"
          }
        },
        "Arguments": {
          "BindingsVersion": {
            "Value": "2.1",
            "ValueSource": "Constant"
          },
          "Connector": {
            "Value": "Connector",
            "ValueSource": "Property"
          },
          "UseConnectionService": {
            "Value": "UseConnectionService",
            "ValueSource": "Property"
          }
        },
        "SubBindings": [],
        "DefaultValueSource": "Property"
      }
    ],
    "UiPath.GoogleCloud.Activities.GCPUploadObject": [
      {
        "Type": "Connection",
        "PublishNullValues": false,
        "Key": {
          "Value": "BindingsKey",
          "ValueSource": "Property"
        },
        "Values": {
          "ConnectionId": {
            "Value": "ConnectionId",
            "ValueSource": "Property"
          }
        },
        "Arguments": {
          "BindingsVersion": {
            "Value": "2.1",
            "ValueSource": "Constant"
          },
          "Connector": {
            "Value": "Connector",
            "ValueSource": "Property"
          },
          "UseConnectionService": {
            "Value": "UseConnectionService",
            "ValueSource": "Property"
          }
        },
        "SubBindings": [],
        "DefaultValueSource": "Property"
      }
    ]
  }
}