{"ProjectBreakpoints":"{\"Value\":{},\"CodeBreakpoints\":{}}","Compiler":"2","ProjectWatches":"{\"Value\":[]}","OpenedDocuments":"[{\"DocumentPath\":\"Main.xaml\",\"FactoryId\":\"{ACB8E7BA-F093-44C1-9B50-33ECA51AAE16}\"},{\"DocumentPath\":\"Pract7b.xaml\",\"FactoryId\":\"{ACB8E7BA-F093-44C1-9B50-33ECA51AAE16}\"},{\"DocumentPath\":\"Pract8a.xaml\",\"FactoryId\":\"{ACB8E7BA-F093-44C1-9B50-33ECA51AAE16}\"},{\"DocumentPath\":\"Pract7c.xaml\",\"FactoryId\":\"{ACB8E7BA-F093-44C1-9B50-33ECA51AAE16}\"},{\"DocumentPath\":\"Pract8b.xaml\",\"FactoryId\":\"{ACB8E7BA-F093-44C1-9B50-33ECA51AAE16}\"},{\"DocumentPath\":\"pract8c.xaml\",\"FactoryId\":\"{ACB8E7BA-F093-44C1-9B50-33ECA51AAE16}\"},{\"DocumentPath\":\"pract8d.xaml\",\"FactoryId\":\"{ACB8E7BA-F093-44C1-9B50-33ECA51AAE16}\"},{\"DocumentPath\":\"pract8f.xaml\",\"FactoryId\":\"{ACB8E7BA-F093-44C1-9B50-33ECA51AAE16}\"},{\"DocumentPath\":\"pract9a.xaml\",\"FactoryId\":\"{ACB8E7BA-F093-44C1-9B50-33ECA51AAE16}\"},{\"DocumentPath\":\"pract9b.xaml\",\"FactoryId\":\"{ACB8E7BA-F093-44C1-9B50-33ECA51AAE16}\"}]","ProjectActivitiesViewState":"{\"pract8d.xaml\":[{\"ActivityIdRef\":\"ExtractPDFText_1\",\"IsAdvancedOptionsExpanded\":false,\"Categories\":{\"Advanced options\":true,\"Output\":true},\"Widgets\":{}}],\"pract8f.xaml\":[{\"ActivityIdRef\":\"TryCatch_1\",\"IsAdvancedOptionsExpanded\":false,\"Widgets\":{\"Try\":{\"ShowExpanded\":true},\"Finally\":{\"ShowExpanded\":true}}}],\"pract9a.xaml\":[{\"ActivityIdRef\":\"TurnOnAutomaticRepliesConnections_1\",\"IsAdvancedOptionsExpanded\":false,\"Categories\":{\"Input\":true},\"Widgets\":{}}],\"pract9b.xaml\":[{\"ActivityIdRef\":\"ForEachEmailConnections_1\",\"IsAdvancedOptionsExpanded\":false,\"Categories\":{\"Options\":true,\"Output\":true},\"Widgets\":{\"Body\":{\"ShowExpanded\":true}}},{\"ActivityIdRef\":\"GSuiteApplicationScope_1\",\"IsAdvancedOptionsExpanded\":false,\"Categories\":{\"Authentication\":true,\"OAuth Client ID\":true,\"Service Account Key\":true,\"API Key\":true,\"Common\":true},\"Widgets\":{\"Body\":{\"ShowExpanded\":true}}}]}"}